{"cameraMode":{"drawMode":0,"name":"Shaded","section":"Shading Mode"},"sceneLighting":true,"audioPlay":false,"sceneViewState":{"showFog":true,"showMaterialUpdate":false,"showSkybox":true,"showFlares":true,"showImageEffects":true,"showParticleSystems":true},"in2DMode":false,"pivot":{"x":75.19178009033203,"y":-95.38835144042969,"z":33.625614166259769},"rotation":{"x":0.3567984998226166,"y":0.6105005145072937,"z":-0.3568115234375,"w":0.6104863286018372},"size":81.39410400390625,"orthographic":false}